entity_key,name,entity_type,aliases,category,description,source_key,confidence
TC-BUILDING-001,西京,Building,京城、中京、上都,宫殿区,唐西京初曰京城，隋之新都也，開皇二年所築。,TC-REF-001,0.90
TC-BUILDING-002,龙首原,Building,龍首山,地理,隋開皇二年始移於龍首原。,TC-REF-001,0.90
TC-BUILDING-003,宫城,Building,西內、太極宮,宫殿区,宮城，東西四里，南北二里二百七十步，〈按「七十」。呂大臨《長安圖》作「四十」〉周十三里一百八十步，其崇三丈五尺。,TC-REF-001,0.90
TC-BUILDING-004,东宫,Building,,宫殿区,東為東宮，西為掖庭官。,TC-REF-001,0.90
TC-BUILDING-005,掖庭宫,Building,,宫殿区,掖庭宮，傳宮城之西，〈在千步麻之西。掖庭宮東西不及一里，《長安志》以為東西四里，誤。〉北與宮城齊，南至通明門。,TC-REF-001,0.90
TC-BUILDING-006,太极殿,Building,大興殿,殿宇,宮城，亦曰西內，共正牙曰太極殿。〈唐龍朔後，天子常居大明宮。大明官在宮城東北，故謂大內為西內。景雲元年，改曰太極宮。〉,TC-REF-001,0.90
TC-BUILDING-007,东左藏库,Building,,其他,長樂門內東左藏庫。,TC-REF-001,0.90
TC-BUILDING-008,西左藏库,Building,,其他,廣運門內有西左藏庫。〈按隋初有右藏、黃藏，開皇十三年始辟左藏院，故有左藏庫之稱。〉,TC-REF-001,0.90
TC-BUILDING-009,门下省,Building,,官署,左廷明門外為門下省，〈楊炯《庭菊賦序》：天子幸於東都，皇儲監守於武德之殿，以門下內省為左春坊。〉,TC-REF-001,0.90
TC-BUILDING-010,史馆,Building,,官署,為史館，〈在門下省北。貞觀三年，置秘書內省以修五代史，又置史館以編國史。尋廢秘書內省。〉,TC-REF-001,0.90
TC-BUILDING-011,弘文馆,Building,修文館、文學館,官署,為弘文館。〈在門下省東。弘文館始置於武德四年，以聚書名為修文館，九年改弘文館，又曰文學館。館側有殿。〉,TC-REF-001,0.90
TC-BUILDING-012,中书省,Building,,官署,右廷明門外為中書省，〈省內有內客省。《通鑒》：上自武德殿入虔化門，拴賈應福、李猷於內客省。胡注：四方館隸中害省，故客省在焉。〉,TC-REF-001,0.90
TC-BUILDING-013,舍人院,Building,,官署,為舍人院。〈舊本《長安志圖》，舍人院在中書省東南，今從之。〉,TC-REF-001,0.90
TC-BUILDING-014,万春殿,Building,,殿宇,閤門之東曰萬春殿，又東曰立政殿，〈見《通鑒》注引《閣奉太極宮圖》，輿《大典閣本圖》合。立政殿前有立政門，太宗文德皇后崩於此殿。〉,TC-REF-001,0.90
TC-BUILDING-015,立政殿,Building,,殿宇,又東曰立政殿，〈見《通鑒》注引《閣奉太極宮圖》，輿《大典閣本圖》合。立政殿前有立政門，太宗文德皇后崩於此殿。〉,TC-REF-001,0.90
TC-BUILDING-016,大吉殿,Building,,殿宇,又東曰大吉殿，〈見《長安志》。前有大吉門。莊恪太子薨於少陽院，遷居此殿。〉,TC-REF-001,0.90
TC-BUILDING-017,武德殿,Building,,殿宇,又東曰武德殿。〈殿有東西門，門西與虔化門齊。貞元四年築垣，自武德東門屬於宮城，此東門也。〉,TC-REF-001,0.90
TC-BUILDING-018,千秋殿,Building,,殿宇,合門之西曰千秋般，〈《長安志》：兩儀殿前有獻春門、宜秋門，當即萬春、千秋兩殿之門。〉,TC-REF-001,0.90
TC-BUILDING-019,百福殿,Building,雍和殿,殿宇,又西曰百福殿，〈前有百福門，睿宗崩於此殿，宣宗改為雍和殿。內有親親樓，為諸王宴會之所。〉,TC-REF-001,0.90
TC-BUILDING-020,承庆殿,Building,,殿宇,又西曰承慶殿，〈前有承慶門，即太宗所居，《舊書》作「承乾」者誤。〉,TC-REF-001,0.90
TC-BUILDING-021,两仪殿,Building,中華殿,殿宇,朱明門北為兩儀殿，常日聽政則御之。〈《六典》，兩儀，古之內朝，隋曰中華殿，改。〉,TC-REF-001,0.90
TC-BUILDING-022,甘露殿,Building,,殿宇,殿北曰甘露殿，〈明皇自蜀還，常居此殿。〉,TC-REF-001,0.90
TC-BUILDING-023,延嘉殿,Building,,殿宇,甘露殿之北曰延嘉殿，〈《大典閣本太極宮圖》，兩儀殿後即延嘉殿，無甘露殿。《長安志》：延嘉殿在甘露殿近北，殿南有金水河，往北流入苑。故補於此。〉,TC-REF-001,0.90
TC-BUILDING-024,承香殿,Building,,殿宇,延嘉之北曰承香殿，〈《長安志圖》作「承春殿」。誤。〉,TC-REF-001,0.90
TC-BUILDING-025,神龙殿,Building,,殿宇,甘露之左曰神龍殿，〈中宗、玄宗皆崩於此殿，前有神龍門。〉,TC-REF-001,0.90
TC-BUILDING-026,安仁殿,Building,,殿宇,右曰安仁殿。〈前有安仁門。〉,TC-REF-001,0.90
TC-BUILDING-027,归真观,Building,,观,安仁之北曰歸真觀，觀北曰彩絲院。,TC-REF-001,0.90
TC-BUILDING-028,彩丝院,Building,絲彩院,其他,觀北曰彩絲院。〈《大典閣本圖》作「絲彩」〉。,TC-REF-001,0.90
TC-BUILDING-029,淑景殿,Building,,殿宇,院西曰淑景殿，又西則三落、四落、五落，為東西千步廊。,TC-REF-001,0.90
TC-BUILDING-030,千步廊,Building,,其他,又西則三落、四落、五落，為東西千步廊。〈千步廊在月華門北，廊之些三落、四落、五落。自淑景殿以次而西，為衛士之居。〉,TC-REF-001,0.90
TC-BUILDING-031,山池院,Building,,其他,城之西北隅有山池院，其南有薰風殿、就日殿。〈見《大典閣本圖》。〉,TC-REF-001,0.90
TC-BUILDING-032,薰风殿,Building,,殿宇,其南有薰風殿、就日殿。〈見《大典閣本圖》。〉,TC-REF-001,0.90
TC-BUILDING-033,就日殿,Building,,殿宇,其南有薰風殿、就日殿。〈見《大典閣本圖》。〉,TC-REF-001,0.90
TC-BUILDING-034,海池,Building,四海池、東海池、北海池、南海池,池沼,其東海池三，〈西內凡海池四：一在咸池殿東，一在望雲亭西，一在凝陰閣北，一在凝雲閣北。故《雍大記》謂之四海池。《通鑒》注引《閣本太極宮圖》：太極宮中凡有三海池，東海池在玄武門內之東，近凝雲閣；北海池在玄武門內之西；又南有南海池，近咸池殿。〉,TC-REF-001,0.90
TC-BUILDING-035,凝阴阁,Building,,楼阁,凝陰閣、〈《長安志》作「凝香閣」。誤，今從《大典》《閣本圖》。〉,TC-REF-001,0.90
TC-BUILDING-036,望云亭,Building,,亭,望雲亭、〈景福台西，見《長安志》。〉,TC-REF-001,0.90
TC-BUILDING-037,鹤羽殿,Building,,殿宇,鶴羽殿、〈凝陰閣西。〉,TC-REF-001,0.90
TC-BUILDING-038,咸池殿,Building,,殿宇,咸池殿〈廷嘉殿西。〉環之。,TC-REF-001,0.90
TC-BUILDING-039,景福台,Building,,台,又東曰景福台。〈承香殿西北。〉,TC-REF-001,0.90
TC-BUILDING-040,功臣阁,Building,,楼阁,神龍之北曰功臣閣、淩煙閣。〈《通鑒》注引《閣本太極宮圖》：延嘉殿之東為功臣閣，功臣閣之東為浚煙合。〉,TC-REF-001,0.90
TC-BUILDING-041,凌烟阁,Building,,楼阁,神龍之北曰功臣閣、淩煙閣。〈貞觀十八年，畫功臣像於此閣。〉,TC-REF-001,0.90
TC-BUILDING-042,凝云阁,Building,,楼阁,其北有海池、凝雲閣、〈《通鑒》注引《閣本太極官圖》及《大典閣本圖》皆作「凝雲閣」。《長安志》作「凝陰殿」。誤〉,TC-REF-001,0.90
TC-BUILDING-043,球场亭子,Building,,亭,球場亭子〈凝雲閣北。〉環之。,TC-REF-001,0.90
TC-BUILDING-044,紫云阁,Building,,楼阁,城之東北隅有紫雲閣，其南有山水池閣，西為南北千步廊。,TC-REF-001,0.90
TC-BUILDING-045,孔子庙,Building,,寺廟,殿閣之外廟一，曰孔子廟；〈《大典閣本圖》：月華門西有孔子廟。他書不載。〉,TC-REF-001,0.90
TC-BUILDING-046,佛光寺,Building,,寺廟,寺一，曰佛光寺；〈《長安志》：寺在神龍殿西。《大典閣本圖》有佛堂，無佛光寺。〉,TC-REF-001,0.90
TC-BUILDING-047,尚食内院,Building,尚食院,其他,曰尚食內院、〈《長安志》作「尚食院」，《大典閣本圓》有下「內」字。《舊書韓握傅》言帝行武德殿前，因至尚食局。當即此院。〉,TC-REF-001,0.90
TC-BUILDING-048,公主院,Building,,其他,公主院；〈《長安志》：院在千秋殿西。〉,TC-REF-001,0.90
TC-BUILDING-049,司宝库,Building,,其他,曰司寶庫、〈淩煙閣東。〉,TC-REF-001,0.90
TC-BUILDING-050,武车,Building,,其他,曰武車、〈在武德東門東，見《大典閣奉圖》。〉,TC-REF-001,0.90
TC-BUILDING-051,甲库,Building,,其他,曰甲庫；〈在西左藏庫西，見《大典開本圖》。或作「武庫」，誤。〉,TC-REF-001,0.90
TC-BUILDING-052,内仓廪,Building,,其他,倉一，曰內倉廩。〈在虔化門內，見《大典閣本圖》。〉,TC-REF-001,0.90
TC-BUILDING-053,三清殿,Building,,殿宇,三清殿、〈近淩煙閣。〉,TC-REF-001,0.90
TC-BUILDING-054,昭庆殿,Building,,殿宇,昭慶殿、〈承香殿西。《大典閣本圖》不載，不知在景福台左右。〉,TC-REF-001,0.90
TC-BUILDING-055,观云殿,Building,,殿宇,觀雲殿、〈《長安志》作凝陰殿北，疑即凝陰合之望雲亭，或在凝雲閣之側也。〉,TC-REF-001,0.90
TC-BUILDING-056,弘文殿,Building,,殿宇,弘文殿、〈近觀雲殿。〉,TC-REF-001,0.90
TC-BUILDING-057,观德殿,Building,,殿宇,觀德殿、〈《通鑒》：侯君集獻膚俘於觀德殿。胡注：觀德殿，射殿也。《閣本太極圓》，射殷在宜春門北。〉,TC-REF-001,0.90
TC-BUILDING-058,新殿,Building,,殿宇,新殿、〈《長安志》：近萬春殿有新殿。〉,TC-REF-001,0.90
TC-BUILDING-059,相思殿,Building,想恩殿,殿宇,想恩殿、《通鑒》：貞觀間，薛眨陀突利設來納幣，上御相思殿。胡身之：據褚遂良疏，殿在玄武門內。,TC-REF-001,0.90
TC-BUILDING-060,飞霜殿,Building,,殿宇,飛霜殿、〈貞觀二十五年，宴五品以上於飛霜殿，殿在玄武門北。〉,TC-REF-001,0.90
TC-BUILDING-061,昭德殿,Building,,殿宇,昭德殿、〈《太平廣記》引《大唐雜語》：昭宗文德二年正朔，御武德殿，有紫氣出於昭德殿東隅，得金龍子一枚，改元為龍紀元年。〉,TC-REF-001,0.90
TC-BUILDING-062,临湖殿,Building,,殿宇,臨湖殿、〈《舊書》：高祖召裴寂等，欲令窮覈其事，建成、元吉行至臨湖殿覺變。〉,TC-REF-001,0.90
TC-BUILDING-063,长乐殿,Building,,殿宇,長樂殿、嘉壽殿、臨照殿、望仙殿、翔鳳殿、乘龍殿、文思殿；〈見《六典》、《禁扁》。〉,TC-REF-001,0.90
TC-BUILDING-064,嘉寿殿,Building,,殿宇,長樂殿、嘉壽殿、臨照殿、望仙殿、翔鳳殿、乘龍殿、文思殿；〈見《六典》、《禁扁》。〉,TC-REF-001,0.90
TC-BUILDING-065,临照殿,Building,,殿宇,長樂殿、嘉壽殿、臨照殿、望仙殿、翔鳳殿、乘龍殿、文思殿；〈見《六典》、《禁扁》。〉,TC-REF-001,0.90
TC-BUILDING-066,望仙殿,Building,,殿宇,長樂殿、嘉壽殿、臨照殿、望仙殿、翔鳳殿、乘龍殿、文思殿；〈見《六典》、《禁扁》。〉,TC-REF-001,0.90
TC-BUILDING-067,翔凤殿,Building,,殿宇,長樂殿、嘉壽殿、臨照殿、望仙殿、翔鳳殿、乘龍殿、文思殿；〈見《六典》、《禁扁》。〉,TC-REF-001,0.90
TC-BUILDING-068,乘龙殿,Building,,殿宇,長樂殿、嘉壽殿、臨照殿、望仙殿、翔鳳殿、乘龍殿、文思殿；〈見《六典》、《禁扁》。〉,TC-REF-001,0.90
TC-BUILDING-069,文思殿,Building,,殿宇,長樂殿、嘉壽殿、臨照殿、望仙殿、翔鳳殿、乘龍殿、文思殿；〈見《六典》、《禁扁》。〉,TC-REF-001,0.90
TC-BUILDING-070,嘉德殿,Building,顯德殿、明德殿,殿宇,宮之正殿曰嘉德殿，〈一曰顯德，武德九年，太宗即位於顯德殿。後避中宗諱，改明德。〉,TC-REF-001,0.90
TC-BUILDING-071,左春坊,Building,,官署,次東，左春坊。坊東有南北街，街東即皇城東面廷喜門之內。,TC-REF-001,0.90
TC-BUILDING-072,右春坊,Building,,官署,其內為左右春坊。,TC-REF-001,0.90
TC-BUILDING-073,崇教殿,Building,弘教殿,殿宇,嘉德殿之北為崇敖般、〈或作「崇政」，誤。《唐會要》：貞觀十七年十一月二十八日，誕皇太孫，太子宴宮寮於弘教殿。太宗幸東宮，自殿北門入。《禁扁》：崇教，一曰弘教，又有弘教門。〉,TC-REF-001,0.90
TC-BUILDING-074,丽正殿,Building,麗政殿,殿宇,麗正殿。〈「正」一作「政」〉,TC-REF-001,0.90
TC-BUILDING-075,崇仁殿,Building,,殿宇,麗正殿之左為崇仁殿，麗正殿之右為崇文殿，,TC-REF-001,0.90
TC-BUILDING-076,崇文殿,Building,,殿宇,麗正殿之右為崇文殿，〈按東宮右春坊內有崇文館，當在此殿之側。〉,TC-REF-001,0.90
TC-BUILDING-077,光天殿,Building,,殿宇,麗正殿之北為光天殿，〈《長安志》作「光大」，今從《大典》圖。〉,TC-REF-001,0.90
TC-BUILDING-078,承恩殿,Building,,殿宇,又北為承恩殿，其北為玄德門。〈諸殿方位皆依《大典》圖。〉,TC-REF-001,0.90
TC-BUILDING-079,宜春宫,Building,,殿宇,承恩殿之左右為宜春、宜秋宮，〈前有宜春宮門、宜欽宮門。宜秋，《禁扁》作「融秋」。〉,TC-REF-001,0.90
TC-BUILDING-080,宜秋宫,Building,融秋宮,殿宇,承恩殿之左右為宜春、宜秋宮，〈前有宜春宮門、宜欽宮門。宜秋，《禁扁》作「融秋」。〉,TC-REF-001,0.90
TC-BUILDING-081,化苑,Building,宜春北苑,其他,宜春之北為化苑。〈《通鑒》注：天寶中，即東宮置宜春北苑。〉,TC-REF-001,0.90
TC-BUILDING-082,典膳厨,Building,,其他,其南，道東為典膳廚，道西為命婦院。,TC-REF-001,0.90
TC-BUILDING-083,命妇院,Building,,其他,其南，道東為典膳廚，道西為命婦院。,TC-REF-001,0.90
TC-BUILDING-084,内坊,Building,,其他,宜秋之南為內坊。,TC-REF-001,0.90
TC-BUILDING-085,八风殿,Building,,殿宇,又有八風殿、射殿、〈《大典》圖在宜春門內之東。〉,TC-REF-001,0.90
TC-BUILDING-086,射殿,Building,,殿宇,射殿、〈《大典》圖在宜春門內之東。〉,TC-REF-001,0.90
TC-BUILDING-087,亭子院,Building,,其他,亭子院、山池院、佛堂院、〈皆見《長安志》。〉,TC-REF-001,0.90
TC-BUILDING-088,鹰鹞院,Building,,其他,鷹鷂院、〈見《大典》圖。按皆在北苑中。〉,TC-REF-001,0.90
TC-BUILDING-089,长生院,Building,長生殿,其他,長生院，〈《舊書陳夷行傳：》充皇太子侍讀，認五日一度入長生院，侍太子講經。〉,TC-REF-001,0.90
TC-BUILDING-090,崇文馆,Building,,官署,按東宮右春坊內有崇文館，當在此殿之側。,TC-REF-001,0.90
TC-BUILDING-091,佛堂院,Building,,其他,亭子院、山池院、佛堂院、〈皆見《長安志》。〉,TC-REF-001,0.90
TC-BUILDING-092,聚艺台,Building,眾藝台,台,聚藝台。〈《長安圖志》《雜說》：掖庭東北垣上有一方台，考之於志，恐所謂宮人教芸之所名眾藝台者也。〉,TC-REF-001,0.90
TC-BUILDING-093,内侍省,Building,長秋監、司宮台,官署,內侍省在宮西南。〈內侍省，隋之長秋監，唐貞觀三年改內侍省。光宅元年為司宮台，神龍元年復舊。省內有紫蘭亭。〉,TC-REF-001,0.90
TC-BUILDING-094,紫兰亭,Building,,亭,省內有紫蘭亭。,TC-REF-001,0.90
TC-BUILDING-095,皇城,Building,子城,宫殿区,傅宮城之南面曰皇城，亦曰子城，東西五里一百一十五步，南北三里一百四十步，周十七里一百五十步。,TC-REF-001,0.90
TC-BUILDING-096,门下外省,Building,,官署,從西第一，門下外省。,TC-REF-001,0.90
TC-BUILDING-097,殿中省,Building,,官署,次東，殿中省。,TC-REF-001,0.90
TC-BUILDING-098,左千牛卫,Building,,官署,次東，左千牛衛。,TC-REF-001,0.90
TC-BUILDING-099,左卫,Building,,官署,次東，左衛。隋人監門衛、左翊衛二府之地，武德初並為此衛。門額本睿宗所題，開元初進入內。,TC-REF-001,0.90
TC-BUILDING-100,东宫内坊,Building,內作坊,官署,街東第一，東宮內坊。《長安志》作「內作坊」、誤。,TC-REF-001,0.90
TC-BUILDING-101,右清道率府,Building,,官署,次東、右清道率府。,TC-REF-001,0.90
TC-BUILDING-102,右监门率府,Building,,官署,次東，右監門率府。,TC-REF-001,0.90
TC-BUILDING-103,右内率府,Building,,官署,府北，右內率府。,TC-REF-001,0.90
TC-BUILDING-104,东宫朝堂,Building,,官署,府東，東宮朝堂。,TC-REF-001,0.90
TC-BUILDING-105,左监门率府,Building,,官署,街東第一，左監門率府。,TC-REF-001,0.90
TC-BUILDING-106,左内率府,Building,,官署,府北，左內率府。,TC-REF-001,0.90
TC-BUILDING-107,左清道率府,Building,,官署,次東，左清道率府。,TC-REF-001,0.90
TC-BUILDING-108,家令寺,Building,,官署,次東，家令寺。,TC-REF-001,0.90
TC-BUILDING-109,左监门卫,Building,,官署,從西第一，左監門衛。武德中分取左武衛地，自北街移於此。,TC-REF-001,0.90
TC-BUILDING-110,左武卫,Building,,官署,次東，左武衛。次東，貞觀中有左金吾內府，後廢。,TC-REF-001,0.90
TC-BUILDING-111,左金吾内府,Building,,官署,貞觀中有左金吾內府，後廢。,TC-REF-001,0.90
TC-BUILDING-112,左骁卫,Building,,官署,次東，左驍衛。,TC-REF-001,0.90
TC-BUILDING-113,东宫仆寺,Building,,官署,衛東，安上門街，街東第一，東宮僕寺。,TC-REF-001,0.90
TC-BUILDING-114,率更寺,Building,,官署,次東，率更寺。,TC-REF-001,0.90
TC-BUILDING-115,右司御率府,Building,司禦衛,官署,次東，右司禦率府。《長安志》作「司禦衛」誤。,TC-REF-001,0.90
TC-BUILDING-116,右卫率府,Building,,官署,次東，右衛率府。,TC-REF-001,0.90
TC-BUILDING-117,左卫率府,Building,,官署,街東第一，左衛率府。,TC-REF-001,0.90
TC-BUILDING-118,左司御率府,Building,司禦衛,官署,次東，左司禦率府。《長安志》作「司禦衛」，誤。,TC-REF-001,0.90
TC-BUILDING-119,詹事府,Building,,官署,次東，詹事府。府東有南北街，街東即皇城之東面。,TC-REF-001,0.90
TC-BUILDING-120,尚书省,Building,,官署,從西第一，尚書省。省門額本睿宗書，開元初進入內。後右庶子魏華所題。,TC-REF-001,0.90
TC-BUILDING-121,都堂,Building,尚書令廳事,其他,省內當中有都堂，本尚書令廳事。,TC-REF-001,0.90
TC-BUILDING-122,都水监,Building,,官署,省東、安上門街，街東第一、都水監。,TC-REF-001,0.90
TC-BUILDING-123,光禄寺,Building,,官署,次東、光祿寺。,TC-REF-001,0.90
TC-BUILDING-124,军器监,Building,軍器使、甲弩坊,官署,街東，軍器監。本少府監甲弩坊，後為軍器使；開元四年置監。監東即皇城東面景風門之北。,TC-REF-001,0.90
TC-BUILDING-125,左领军卫,Building,,官署,從西第一、左領軍衛。街北有兵部選院。,TC-REF-001,0.90
TC-BUILDING-126,兵部选院,Building,,官署,街北有兵部選院。,TC-REF-001,0.90
TC-BUILDING-127,左威卫,Building,,官署,次東，左威衛。衛北有刑部格式院。,TC-REF-001,0.90
TC-BUILDING-128,刑部格式院,Building,,官署,衛北有刑部格式院。,TC-REF-001,0.90
TC-BUILDING-129,吏部选院,Building,吏部南院,官署,次東，吏部選院。以在尚書省之南，亦曰吏部南院，選人看榜名之所也。,TC-REF-001,0.90
TC-BUILDING-130,礼部南院,Building,,官署,次東，禮部南院。四方貢舉人都會所也。,TC-REF-001,0.90
TC-BUILDING-131,太仆寺,Building,,官署,從西第一，太僕寺。寺西北隅，乘黃署，別開北門。署內貯掌指南車、記里鼓及輦輅之屬。,TC-REF-001,0.90
TC-BUILDING-132,乘黄署,Building,,官署,寺西北隅，乘黃署，別開北門。署內貯掌指南車、記里鼓及輦輅之屬。,TC-REF-001,0.90
TC-BUILDING-133,大府寺,Building,,官署,次東，大府寺。舊都水監之地。,TC-REF-001,0.90
TC-BUILDING-134,少府监,Building,,官署,寺東，安上門街、街東第一，少府監。僖宗再幸山南，太廟焚毀，權以少府監大廳為太廟。,TC-REF-001,0.90
TC-BUILDING-135,左藏外库院,Building,,官署,次東，左藏外庫院。隋大府寺置於此，又分置坊院。東有南北街，街東即皇城東面景風門南也。,TC-REF-001,0.90
TC-BUILDING-136,太常寺,Building,,官署,從西第一，太常寺。《廣記》引《國史異纂》：崔日知曆職中外，恨不居八座。及為太常卿，於都寺廳事後起一樓，正與尚書省相望，時人謂之「崔公望省樓」。,TC-REF-001,0.90
TC-BUILDING-137,太庙,Building,,寺廟,寺東，安上門街，街東第一，太廟，其地本隋大府寺玉作坊，坊中有御井。貞觀中，廢玉作坊，於此置大府寺賜坊，以曝四方貢賦之物濕者。先天中，置廟廢坊焉。,TC-REF-001,0.90
TC-BUILDING-138,中宗庙,Building,,寺廟,中宗廟、元獻皇后廟。韋公肅《禮合斬儀》曰：乾元元年，立廟於太廟之西。,TC-REF-001,0.90
TC-BUILDING-139,元献皇后庙,Building,,寺廟,中宗廟、元獻皇后廟。韋公肅《禮合斬儀》曰：乾元元年，立廟於太廟之西。寶應二年，遷神主於太廟。貞元三年修葺，奉安昭德皇后神主。永貞元年，拊於太廟。,TC-REF-001,0.90
TC-BUILDING-140,太庙署,Building,,官署,次東，太廟署。署東、署南並有街，即皇城東南隅也。,TC-REF-001,0.90
TC-BUILDING-141,中书外省,Building,,官署,從東第一，中書外省。,TC-REF-001,0.90
TC-BUILDING-142,四方馆,Building,謁者台,官署,次西，四方館。隋曰謁者台，即諸方通表，通事舍人受事之司。,TC-REF-001,0.90
TC-BUILDING-143,右千牛卫,Building,,官署,次西，右千牛衛。,TC-REF-001,0.90
TC-BUILDING-144,右监门卫,Building,,官署,次西，右監門衛。,TC-REF-001,0.90
TC-BUILDING-145,右卫,Building,,官署,次西，右衛。衛西，含光門街，橫街抵比而絕。,TC-REF-001,0.90
TC-BUILDING-146,右武卫,Building,,官署,從東第一，右武衛。街西，貞觀中有右金吾內府，後廢。,TC-REF-001,0.90
TC-BUILDING-147,右金吾内府,Building,,官署,街西，貞觀中有右金吾內府，後廢。,TC-REF-001,0.90
TC-BUILDING-148,右骁卫,Building,,官署,次西，右驍衛。,TC-REF-001,0.90
TC-BUILDING-149,将作监,Building,,官署,次西，含光門街，街西，將作監。即皇城西南面安福門之南。,TC-REF-001,0.90
TC-BUILDING-150,司农寺,Building,,官署,從東第一，司農寺。,TC-REF-001,0.90
TC-BUILDING-151,尚舍局,Building,帳幕坊,官署,含光門街，街西第一，尚舍局。本帳幕坊，局內有山池。,TC-REF-001,0.90
TC-BUILDING-152,尚辇局,Building,,官署,次西，尚輦局。,TC-REF-001,0.90
TC-BUILDING-153,卫尉寺,Building,,官署,次西，衛尉寺。,TC-REF-001,0.90
TC-BUILDING-154,大理寺,Building,,官署,次西，大理寺。寺西有南北街。街西即皇城西面順義門之北。,TC-REF-001,0.90
TC-BUILDING-155,右领军卫,Building,,官署,從東第一、右領軍衛。,TC-REF-001,0.90
TC-BUILDING-156,右威卫,Building,,官署,次西，右威衛。衛門本南向、開元七年御史小丞李尚隱以此衛南門與御史臺門相對不便，遂政事，移門北向。,TC-REF-001,0.90
TC-BUILDING-157,秘书省,Building,,官署,次西，秘書省。監院廳事前有隕星石，隋自咸陽移置於此，少監王劭作《瑞石頌》以讚美之。監院東有書閣重複，以貯古今圖籍。,TC-REF-001,0.90
TC-BUILDING-158,校书院,Building,,官署,秘書省之東即右威衛，荒穢摧毀，其大廳逼校書院，南對御史臺。,TC-REF-001,0.90
TC-BUILDING-159,陨星石,Building,落星石,其他,監院廳事前有隕星石，隋自咸陽移置於此，少監王劭作《瑞石頌》以讚美之。,TC-REF-001,0.90
TC-BUILDING-160,宗正寺,Building,,官署,從東第一、宗正寺。,TC-REF-001,0.90
TC-BUILDING-161,御史台,Building,御史北台、御史臺中書南院,官署,次西，御史臺。《御史臺記》曰：御史臺門北開，蓋取肅殺就陰之義，故京壹門北開矣。,TC-REF-001,0.90
TC-BUILDING-162,台院,Building,,官署,《唐語林》：御史臺三院，一曰台院，其僚曰侍御史。,TC-REF-001,0.90
TC-BUILDING-163,殿院,Building,,官署,二曰殿院，共僚曰殿中侍御史。,TC-REF-001,0.90
TC-BUILDING-164,察院,Building,察院南院,官署,三曰察院，其僚曰監察御史。察院南院，會昌初監察御史鄭路所葺。,TC-REF-001,0.90
TC-BUILDING-165,松厅,Building,禮祭廳,其他,禮祭廳謂之松廳，南有古松也。,TC-REF-001,0.90
TC-BUILDING-166,魇厅,Building,刑察廳,其他,刑察廳謂之魘廳，寢於此多魘。,TC-REF-001,0.90
TC-BUILDING-167,茶瓶厅,Building,,其他,兵察常主院中茶，茶必市蜀之佳者，貯於陶器，以防暑濕，御史躬親緘啟，故謂之茶瓶廳。,TC-REF-001,0.90
TC-BUILDING-168,朝簿厅,Building,,其他,吏察主院中入朝人次第名籍，謂之朝簿廳。,TC-REF-001,0.90
TC-BUILDING-169,司天监,Building,太史局、渾儀監、太史監、司天台,官署,次西，司天監。本隸秘書省，為太史局，後別為渾儀監，尋復舊名，而不屬秘書。,TC-REF-001,0.90
TC-BUILDING-170,灵台,Building,,其他,監內有靈台，以候雲物，崇七丈，周八十步。,TC-REF-001,0.90
TC-BUILDING-171,废石台,Building,石台、頌台,其他,監西含光門街，街西第一，廢石台。本司農導草坊之地。景龍中，韋庶入置石台，雕刻彩樓，十建頌台，蛟龍蟠繞，下有石馬、石獅子、侍衛之像。,TC-REF-001,0.90
TC-BUILDING-172,司农寺草坊,Building,,官署,臺北，司農寺草坊。坊門北開。,TC-REF-001,0.90
TC-BUILDING-173,骅骝马坊,Building,,官署,次西，驊騮馬坊。垓門北開。,TC-REF-001,0.90
TC-BUILDING-174,御史台推事院,Building,,官署,後為御史臺推事院。,TC-REF-001,0.90
TC-BUILDING-175,鸿胪寺,Building,,官署,從東第一，鴻臚寺。德宗建中元年，以鴻臚寺左右遠營隸金吾。《通鑒》：回紇犯含光門，突入鴻臚寺。蓋入門而東即寺也。,TC-REF-001,0.90
TC-BUILDING-176,鸿胪客馆,Building,鴻腱客館,官署,次西，鴻腱客館。如漢之葉街，四夷慕化及朝獻者居焉。,TC-REF-001,0.90
TC-BUILDING-177,大社,Building,,寺廟,館西，含光門街，街西第一，大社。南門額，隋乎陳所得，即東晉王右軍所願。隋代重以粉墨模之。,TC-REF-001,0.90
TC-BUILDING-178,郊社署,Building,,官署,次西，郊社署。署西、署南並有街，即皇城之西南隅。,TC-REF-001,0.90
TC-BUILDING-179,左宗庙,Building,,寺廟,左宗廟，在安上門內之東。,TC-REF-001,0.90
TC-BUILDING-180,右社稷,Building,,寺廟,右社稷。在含光門內之西。,TC-REF-001,0.90
TC-BUILDING-181,大明宫,Building,東內、蓬萊宮、永安宮,宫殿区,大明宮在禁苑東偏，舊太極宮後苑之射殿，據龍首山,TC-REF-001,0.90
TC-BUILDING-182,百官待漏院,Building,,其他,門外有百官待漏院,TC-REF-001,0.90
TC-BUILDING-183,含元殿,Building,大明殿,殿宇,丹鳳門內正牙曰含元殿，大朝會御之,TC-REF-001,0.90
TC-BUILDING-184,宣政殿,Building,,殿宇,含元殿後曰宣政殿，天子常朝所也,TC-REF-001,0.90
TC-BUILDING-185,紫宸殿,Building,,殿宇,宣政殿後為紫宸殿，天子便殿也,TC-REF-001,0.90
TC-BUILDING-186,蓬莱殿,Building,,殿宇,紫宸之後曰蓬萊殿,TC-REF-001,0.90
TC-BUILDING-187,金銮殿,Building,,殿宇,因坡為殿，曰金鑾,TC-REF-001,0.90
TC-BUILDING-188,长安殿,Building,長樂,殿宇,環金鑾者曰長安,TC-REF-001,0.90
TC-BUILDING-189,仙居殿,Building,,殿宇,曰仙居,TC-REF-001,0.90
TC-BUILDING-190,拾翠殿,Building,,殿宇,內有拾翠殿,TC-REF-001,0.90
TC-BUILDING-191,含冰殿,Building,,殿宇,曰含冰,TC-REF-001,0.90
TC-BUILDING-192,紫兰殿,Building,芳蘭殿,殿宇,曰紫蘭,TC-REF-001,0.90
TC-BUILDING-193,含凉殿,Building,,殿宇,太液池北岸之含涼殿,TC-REF-001,0.90
TC-BUILDING-194,玄武殿,Building,,殿宇,玄武門內之玄武殿也,TC-REF-001,0.90
TC-BUILDING-195,绫绮殿,Building,,殿宇,經綾綺殿,TC-REF-001,0.90
TC-BUILDING-196,浴堂殿,Building,,殿宇,浴堂殿,TC-REF-001,0.90
TC-BUILDING-197,宣徽殿,Building,,殿宇,宣徽殿，在浴堂殿東,TC-REF-001,0.90
TC-BUILDING-198,温室殿,Building,,殿宇,溫室殿，在宣徵殿南,TC-REF-001,0.90
TC-BUILDING-199,明德寺,Building,昭德寺,殿宇,明德寺，在左銀台門之西,TC-REF-001,0.90
TC-BUILDING-200,太和殿,Building,,殿宇,銀台門之北為太和殿,TC-REF-001,0.90
TC-BUILDING-201,清思殿,Building,,殿宇,清思殿,TC-REF-001,0.90
TC-BUILDING-202,珠镜殿,Building,,殿宇,珠鏡殿，在望仙台北,TC-REF-001,0.90
TC-BUILDING-203,延英殿,Building,靈芝殿,殿宇,曆延英殿,TC-REF-001,0.90
TC-BUILDING-204,含象殿,Building,,殿宇,廷英門內之左有含象殿,TC-REF-001,0.90
TC-BUILDING-205,思政殿,Building,,殿宇,思政殿，在廷英南，與延英相對，天子於此見群臣,TC-REF-001,0.90
TC-BUILDING-206,明义殿,Building,,殿宇,明義殿,TC-REF-001,0.90
TC-BUILDING-207,承欢殿,Building,,殿宇,承歡殿,TC-REF-001,0.90
TC-BUILDING-208,还周殿,Building,,殿宇,還周殿，在承歡殿北,TC-REF-001,0.90
TC-BUILDING-209,麟德殿,Building,三殿、三院,殿宇,轔德殿，殿有三面，南有閣，東西有樓，故曰三殿,TC-REF-001,0.90
TC-BUILDING-210,大福殿,Building,,殿宇,大福殿，在淩霄門內,TC-REF-001,0.90
TC-BUILDING-211,凝霜殿,Building,,殿宇,門內有凝霜殿,TC-REF-001,0.90
TC-BUILDING-212,碧羽殿,Building,,殿宇,碧羽殿,TC-REF-001,0.90
TC-BUILDING-213,紫箫殿,Building,,殿宇,紫簫殿,TC-REF-001,0.90
TC-BUILDING-214,思贤殿,Building,,殿宇,思賢殿，當亦在大明宮,TC-REF-001,0.90
TC-BUILDING-215,会宁殿,Building,,殿宇,會寧殿,TC-REF-001,0.90
TC-BUILDING-216,咸泰殿,Building,成泰殿,殿宇,咸泰殿,TC-REF-001,0.90
TC-BUILDING-217,天福殿,Building,,殿宇,天福殿,TC-REF-001,0.90
TC-BUILDING-218,文明殿,Building,,殿宇,文明殿,TC-REF-001,0.90
TC-BUILDING-219,长生殿,Building,,殿宇,長生殿，大明宮寢殿也,TC-REF-001,0.90
TC-BUILDING-220,寿春殿,Building,,殿宇,壽春殿,TC-REF-001,0.90
TC-BUILDING-221,中和殿,Building,,殿宇,中和殿,TC-REF-001,0.90
TC-BUILDING-222,翔鸾阁,Building,,楼阁,殿之前廊有翔鸞閣,TC-REF-001,0.90
TC-BUILDING-223,栖凤阁,Building,,楼阁,棲鳳閣,TC-REF-001,0.90
TC-BUILDING-224,清晖阁,Building,,楼阁,西清暉閣,TC-REF-001,0.90
TC-BUILDING-225,郁仪阁,Building,,楼阁,鬱儀閣,TC-REF-001,0.90
TC-BUILDING-226,承云阁,Building,,楼阁,承雲閣,TC-REF-001,0.90
TC-BUILDING-227,修文阁,Building,,楼阁,修文閣,TC-REF-001,0.90
TC-BUILDING-228,景云阁,Building,,楼阁,麟德殿側有景雲閣,TC-REF-001,0.90
TC-BUILDING-229,钟楼,Building,,楼阁,殿前左右有鍾鼓樓,TC-REF-001,0.90
TC-BUILDING-230,鼓楼,Building,,楼阁,殿前左右有鍾鼓樓,TC-REF-001,0.90
TC-BUILDING-231,乞巧楼,Building,,楼阁,乞巧樓,TC-REF-001,0.90
TC-BUILDING-232,斗鸡楼,Building,,楼阁,九仙門之外有鬥雞樓,TC-REF-001,0.90
TC-BUILDING-233,走马楼,Building,,楼阁,走馬樓,TC-REF-001,0.90
TC-BUILDING-234,太液池,Building,蓬萊池,池沼,其北太液池，池有亭,TC-REF-001,0.90
TC-BUILDING-235,望仙台,Building,文思院,台,望仙台，武宗於大明宮中築望仙台,TC-REF-001,0.90
TC-BUILDING-236,仰观台,Building,,台,仰觀台,TC-REF-001,0.90
TC-BUILDING-237,含春亭,Building,,亭,含春亭,TC-REF-001,0.90
TC-BUILDING-238,会庆亭,Building,,亭,麟德殿有會慶亭,TC-REF-001,0.90
TC-BUILDING-239,少阳院,Building,問安宮,院,史館北為少陽院,TC-REF-001,0.90
TC-BUILDING-240,南亭院,Building,,院,南亭院,TC-REF-001,0.90
TC-BUILDING-241,仙韶院,Building,,院,仙韶院,TC-REF-001,0.90
TC-BUILDING-242,柿林院,Building,,院,柿林院,TC-REF-001,0.90
TC-BUILDING-243,金銮御院,Building,,院,金鑾西南有金鑾御院,TC-REF-001,0.90
TC-BUILDING-244,待诏院,Building,,官署,又東，待詔院,TC-REF-001,0.90
TC-BUILDING-245,待制院,Building,,官署,待制院，在思政殿側，舊藥院地,TC-REF-001,0.90
TC-BUILDING-246,殿中外院,Building,,官署,省北為殿中外院,TC-REF-001,0.90
TC-BUILDING-247,殿中内院,Building,,官署,殿中內院,TC-REF-001,0.90
TC-BUILDING-248,集贤殿书院,Building,書院,官署,後改為集賢殿書院,TC-REF-001,0.90
TC-BUILDING-249,政事堂,Building,中書門下,官署,省有政事堂,TC-REF-001,0.90
TC-BUILDING-250,翰林院,Building,,官署,翰林院，在轔德殿西重廊之後,TC-REF-001,0.90
TC-BUILDING-251,学士院,Building,,官署,開元二十六年，於院南別置學士院,TC-REF-001,0.90
TC-BUILDING-252,内侍别省,Building,,官署,內侍別省,TC-REF-001,0.90
TC-BUILDING-253,左藏库,Building,,官署,左藏庫,TC-REF-001,0.90
TC-BUILDING-254,飞龙厩,Building,驥院,其他,門外有飛龍廄,TC-REF-001,0.90
TC-BUILDING-255,龙尾道,Building,,其他,左右砌道盤上謂之龍尾道,TC-REF-001,0.90
TC-BUILDING-256,龙首山,Building,,地理,據龍首山,TC-REF-001,0.90
TC-BUILDING-257,金銮坡,Building,,地理,殿西曰金鑾坡,TC-REF-001,0.90
TC-BUILDING-258,大角观,Building,,寺廟,大角觀,TC-REF-001,0.90
TC-BUILDING-259,兴庆宫,Building,南內,宫殿区,興慶宮在皇城之東外郭城之興慶坊，是曰南內,TC-REF-001,0.90
TC-BUILDING-260,兴庆殿,Building,,殿宇,其內興慶殿,TC-REF-001,0.90
TC-BUILDING-261,文泰殿,Building,交泰殿,殿宇,池之西為文泰殿,TC-REF-001,0.90
TC-BUILDING-262,长庆殿,Building,,殿宇,明義之內為長慶殿,TC-REF-001,0.90
TC-BUILDING-263,南薰殿,Building,,殿宇,南薰殿,TC-REF-001,0.90
TC-BUILDING-264,大同殿,Building,,殿宇,樓北大同殿,TC-REF-001,0.90
TC-BUILDING-265,咸宁殿,Building,,殿宇,咸寧殿,TC-REF-001,0.90
TC-BUILDING-266,义安殿,Building,,殿宇,義安殿,TC-REF-001,0.90
TC-BUILDING-267,积庆殿,Building,膝慶殿,殿宇,積慶殿,TC-REF-001,0.90
TC-BUILDING-268,冷井殿,Building,冷泉殿,殿宇,冷井殿,TC-REF-001,0.90
TC-BUILDING-269,飞仙殿,Building,,殿宇,飛仙殿,TC-REF-001,0.90
TC-BUILDING-270,同光殿,Building,,殿宇,同光殿,TC-REF-001,0.90
TC-BUILDING-271,荣光殿,Building,,殿宇,榮光殿,TC-REF-001,0.90
TC-BUILDING-272,花萼相辉楼,Building,花萼樓,楼阁,宮之西南隅曰花萼相輝樓,TC-REF-001,0.90
TC-BUILDING-273,勤政务本楼,Building,勤政樓,楼阁,其東曰勤政務本樓,TC-REF-001,0.90
TC-BUILDING-274,明光楼,Building,,楼阁,大和二年修明光樓,TC-REF-001,0.90
TC-BUILDING-275,沉香亭,Building,,亭,毆西北為沈香亭,TC-REF-001,0.90
TC-BUILDING-276,龙池,Building,興慶池、五王子池,池沼,殿後為龍池,TC-REF-001,0.90
TC-BUILDING-277,集贤院,Building,,官署,興慶官之集賢院在和風門外,TC-REF-001,0.90
TC-BUILDING-278,龙堂,Building,,殿宇,其內曰龍堂,TC-REF-001,0.90
TC-BUILDING-279,五龙坛,Building,,寺廟,曰五龍壇，在池南,TC-REF-001,0.90
TC-BUILDING-280,新射殿,Building,,殿宇,芳苑之內新射殿,TC-REF-001,0.90
TC-BUILDING-281,金花落,Building,,其他,金花落，蓋衛士之居,TC-REF-001,0.90
TC-BUILDING-282,夹城,Building,,其他,築夾城入芙蓉園,TC-REF-001,0.90
TC-BUILDING-283,芙蓉园,Building,,其他,築夾城入芙蓉園,TC-REF-001,0.90
TC-BUILDING-284,西内苑,Building,北苑,宫殿区,西內苑在西內之北，亦曰北苑,TC-REF-001,0.90
TC-BUILDING-285,大安宫,Building,弘義宮,殿宇,則為大安宮,TC-REF-001,0.90
TC-BUILDING-286,东内苑,Building,,宫殿区,東內苑在東內之東南隅,TC-REF-001,0.90
TC-BUILDING-287,禁苑,Building,大興苑,宫殿区,禁苑者，隋之大興苑也,TC-REF-001,0.90
TC-BUILDING-288,口光殿,Building,,殿宇,口光殿,TC-REF-001,0.90
TC-BUILDING-289,永庆殿,Building,,殿宇,又西為永慶殿,TC-REF-001,0.90
TC-BUILDING-290,看花殿,Building,,殿宇,看花殿,TC-REF-001,0.90
TC-BUILDING-291,歌武殿,Building,,殿宇,在東者歌武殿,TC-REF-001,0.90
TC-BUILDING-292,翠华殿,Building,,殿宇,在西者翠華殿,TC-REF-001,0.90
TC-BUILDING-293,永安殿,Building,,殿宇,永安殿,TC-REF-001,0.90
TC-BUILDING-294,宝庆殿,Building,,殿宇,寶慶殿,TC-REF-001,0.90
TC-BUILDING-295,广达楼,Building,廣運、廣遠,楼阁,迤西為廣達樓,TC-REF-001,0.90
TC-BUILDING-296,通过楼,Building,,楼阁,西為通過樓,TC-REF-001,0.90
TC-BUILDING-297,祥云楼,Building,,楼阁,園之西為祥雲樓,TC-REF-001,0.90
TC-BUILDING-298,冰井台,Building,,台,其北東為冰井台,TC-REF-001,0.90
TC-BUILDING-299,祭酒台,Building,,台,祭酒台,TC-REF-001,0.90
TC-BUILDING-300,樱桃园,Building,,院,冰井台之北曰櫻桃園,TC-REF-001,0.90
TC-BUILDING-301,大安殿,Building,,殿宇,大安殿前曰仁壽門,TC-REF-001,0.90
TC-BUILDING-302,仁政殿,Building,,殿宇,門內為仁政殿,TC-REF-001,0.90
TC-BUILDING-303,垂拱前殿,Building,,殿宇,宮有垂拱前殿,TC-REF-001,0.90
TC-BUILDING-304,践武殿,Building,,殿宇,又有踐武殿,TC-REF-001,0.90
TC-BUILDING-305,口文殿,Building,,殿宇,口文殿,TC-REF-001,0.90
TC-BUILDING-306,蓬莱阁,Building,,楼阁,池之東北為蓬萊閣,TC-REF-001,0.90
TC-BUILDING-307,瑶池,Building,,池沼,右嘉會門外為瑤池,TC-REF-001,0.90
TC-BUILDING-308,龙首殿,Building,,殿宇,中有龍首殿,TC-REF-001,0.90
TC-BUILDING-309,承晖殿,Building,凝暉,殿宇,承暉殿,TC-REF-001,0.90
TC-BUILDING-310,看乐殿,Building,,殿宇,看樂殿,TC-REF-001,0.90
TC-BUILDING-311,球场亭子殿,Building,,殿宇,球場亭子殿,TC-REF-001,0.90
TC-BUILDING-312,龙首池,Building,,池沼,龍首池,TC-REF-001,0.90
TC-BUILDING-313,灵符应圣院,Building,,院,池東有靈符應聖院,TC-REF-001,0.90
TC-BUILDING-314,小儿坊,Building,,官署,小兒坊,TC-REF-001,0.90
TC-BUILDING-315,内教坊,Building,,官署,內教坊,TC-REF-001,0.90
TC-BUILDING-316,御马坊,Building,,官署,御馬坊，在東下馬橋頭，文宗置,TC-REF-001,0.90
TC-BUILDING-317,望春宫,Building,,殿宇,即望春宮,TC-REF-001,0.90
TC-BUILDING-318,九曲宫,Building,,殿宇,曰九曲宮，宮中有殿舍山池,TC-REF-001,0.90
TC-BUILDING-319,鱼藻宫,Building,,殿宇,曰魚藻宮,TC-REF-001,0.90
TC-BUILDING-320,元沼宫,Building,,殿宇,曰元沼宮,TC-REF-001,0.90
TC-BUILDING-323,昭德宫,Building,,殿宇,又有昭德宮,TC-REF-001,0.90
TC-BUILDING-324,光故宫,Building,,殿宇,光故宮,TC-REF-001,0.90
TC-BUILDING-325,含光殿,Building,,殿宇,含光殿,TC-REF-001,0.90
TC-BUILDING-326,升阳殿,Building,,殿宇,望春宮內有升陽殿,TC-REF-001,0.90
TC-BUILDING-327,通光殿,Building,,殿宇,作正殿曰通光,TC-REF-001,0.90
TC-BUILDING-328,骥德殿,Building,,殿宇,驥德殿，在院東南,TC-REF-001,0.90
TC-BUILDING-329,白华殿,Building,,殿宇,白華殿,TC-REF-001,0.90
TC-BUILDING-330,会昌殿,Building,,殿宇,禁苑南有文宗會昌殿,TC-REF-001,0.90
TC-BUILDING-331,南望春亭,Building,,亭,曰南望春亭,TC-REF-001,0.90
TC-BUILDING-332,北望春亭,Building,,亭,曰北望春亭,TC-REF-001,0.90
TC-BUILDING-333,放鸭亭,Building,,亭,升陽殿東放鴨亭,TC-REF-001,0.90
TC-BUILDING-334,坡头亭,Building,,亭,曰坡頭亭,TC-REF-001,0.90
TC-BUILDING-335,柳园亭,Building,,亭,曰柳園亭,TC-REF-001,0.90
TC-BUILDING-336,蚕坛亭,Building,,亭,曰蠶壇亭，在苑東，皇后祀先蠶之所,TC-REF-001,0.90
TC-BUILDING-337,祯兴亭,Building,,亭,曰禎興亭,TC-REF-001,0.90
TC-BUILDING-338,神皋亭,Building,,亭,曰神皋亭,TC-REF-001,0.90
TC-BUILDING-339,七架亭,Building,,亭,曰七架亭,TC-REF-001,0.90
TC-BUILDING-340,青门亭,Building,,亭,曰青門亭，即邵平種瓜之所,TC-REF-001,0.90
TC-BUILDING-341,眺园亭,Building,,亭,曰眺園亭,TC-REF-001,0.90
TC-BUILDING-342,临渭亭,Building,,亭,曰臨渭亭,TC-REF-001,0.90
TC-BUILDING-343,诏芳亭,Building,,亭,東曰詔芳亭,TC-REF-001,0.90
TC-BUILDING-344,凝思亭,Building,,亭,西曰凝思亭,TC-REF-001,0.90
TC-BUILDING-345,西北角亭,Building,,亭,曰西北角亭,TC-REF-001,0.90
TC-BUILDING-346,南昌国亭,Building,,亭,曰南昌國亭,TC-REF-001,0.90
TC-BUILDING-347,北昌国亭,Building,,亭,曰北昌國亭,TC-REF-001,0.90
TC-BUILDING-348,流杯亭,Building,遊杯,亭,曰流杯亭,TC-REF-001,0.90
TC-BUILDING-349,广运潭,Building,,池沼,名廣運潭,TC-REF-001,0.90
TC-BUILDING-350,凝碧池,Building,,池沼,重玄門北為凝碧池,TC-REF-001,0.90
TC-BUILDING-351,鱼藻池,Building,,池沼,浚魚藻池，深一丈,TC-REF-001,0.90
TC-BUILDING-352,九曲池,Building,,池沼,投屍九曲池,TC-REF-001,0.90
TC-BUILDING-353,西楼,Building,,楼阁,西樓,TC-REF-001,0.90
TC-BUILDING-354,望春楼,Building,,楼阁,抵苑東望春樓下為潭,TC-REF-001,0.90
TC-BUILDING-355,飞龙院,Building,,其他,飛龍院,TC-REF-001,0.90
TC-BUILDING-356,梨园,Building,,其他,所謂梨園者，在光化門北,TC-REF-001,0.90
TC-BUILDING-357,蒲萄园,Building,,其他,近梨園者有蒲萄園,TC-REF-001,0.90
TC-BUILDING-358,明水园,Building,,其他,曰明水園,TC-REF-001,0.90
TC-BUILDING-359,虎圈,Building,,其他,虎圈，在禁苑東北隅,TC-REF-001,0.90
TC-BUILDING-360,东监,Building,,官署,在東者曰東監,TC-REF-001,0.90
TC-BUILDING-361,西监,Building,,官署,在西者曰西監,TC-REF-001,0.90
TC-BUILDING-362,长乐监,Building,,官署,南面長樂監,TC-REF-001,0.90
TC-BUILDING-363,旧宅监,Building,,官署,北面舊宅監,TC-REF-001,0.90
TC-BUILDING-364,苑总监,Building,,官署,又置苑總監領之,TC-REF-001,0.90
TC-BUILDING-365,月坡,Building,,地理,曰月坡,TC-REF-001,0.90
TC-BUILDING-366,青城桥,Building,,桥梁,曰青城橋,TC-REF-001,0.90
TC-BUILDING-367,龙鳞桥,Building,,桥梁,曰龍鱗橋,TC-REF-001,0.90
TC-BUILDING-368,栖云桥,Building,,桥梁,曰棲雲橋,TC-REF-001,0.90
TC-BUILDING-369,凝碧桥,Building,,桥梁,曰凝碧橋,TC-REF-001,0.90
TC-BUILDING-370,上阳桥,Building,,桥梁,曰上陽橋,TC-REF-001,0.90
TC-BUILDING-371,云韶院,Building,,院,又有雲韶院,TC-REF-001,0.90
TC-BUILDING-372,九仙殿,Building,,殿宇,九仙殿銀井有黎二株，枝葉交接，宮中呼為雌雄樹,TC-REF-001,0.90
TC-BUILDING-373,太液亭,Building,,亭,太液亭有尚書君臣事跡，文宗命工匠所刊,TC-REF-001,0.90
TC-BUILDING-374,蓬莱山,Building,,地理,池中有蓬萊山,TC-REF-001,0.90
TC-BUILDING-375,障日阁,Building,,楼阁,殿東即寢殿之北相連，各有障日閣，凡內宴多於此,TC-REF-001,0.90
TC-BUILDING-376,长阁,Building,,楼阁,承香殿北有長閣,TC-REF-001,0.90
TC-BUILDING-377,金吾左右仗院,Building,左仗院、右仗院、金吾仗院,其他,閣下即東西朝堂，有肺石、登聞鼓、金吾左右仗院,TC-REF-001,0.90
TC-BUILDING-378,龙首渠,Building,,其他,望仙、建福二門各有下馬橋，跨東西龍首渠,TC-REF-001,0.90
TC-BUILDING-379,沉香殿,Building,,殿宇,上因移於興慶池東沈香殿前,TC-REF-001,0.90
TC-BUILDING-380,通化门观,Building,,其他,經通化門觀以達此宮,TC-REF-001,0.90
TC-BUILDING-381,九曲山池,Building,,池沼,宮中有九曲山池,TC-REF-001,0.90
TC-BUILDING-382,嘉德门,Building,,内门,正門曰嘉德門，〈南直承天門。諸城劉氏喜海藏唐魚符，有文曰「嘉德門內巡」，疑入宮城所佩符，非東宮之嘉德門也。〉,TC-REF-001,0.90
TC-BUILDING-383,太极门,Building,大興門、乾福門,内门,殿門曰太極門。隋曰大興門，後改乾福門，貞觀八年改太極門。,TC-REF-001,0.90
TC-BUILDING-384,东上阁门,Building,東上合門,内门,門之兩廡為東西閤門，〈《通鑒》注引《閣本太極宮圖》，太極殿有東上合門、西上合門。按合門可轉北入兩儀殿，太宗時以此為人合。〉,TC-REF-001,0.90
TC-BUILDING-385,西上阁门,Building,西上合門,内门,門之兩廡為東西閤門，〈《通鑒》注引《閣本太極宮圖》，太極殿有東上合門、西上合門。〉,TC-REF-001,0.90
TC-BUILDING-386,左廷明门,Building,,内门,兩廊為左右廷明門。〈在東者左廷明門，在西者右延明門。〉,TC-REF-001,0.90
TC-BUILDING-387,右延明门,Building,,内门,兩廊為左右廷明門。〈在東者左廷明門，在西者右延明門。《舊書》：節湣太子誅武三思，成王千里率左右數十人斫右延明門。〉,TC-REF-001,0.90
TC-BUILDING-388,归仁门,Building,,内门,嘉德門之兩廊，東為歸仁門，又東恭禮門。,TC-REF-001,0.90
TC-BUILDING-389,恭礼门,Building,,内门,嘉德門之兩廊，東為歸仁門，又東恭禮門。〈南直長樂門。〉,TC-REF-001,0.90
TC-BUILDING-390,纳义门,Building,,内门,西為納義門，又西安仁門。〈「安」一作「興」。南直廣運門。〉,TC-REF-001,0.90
TC-BUILDING-391,安仁门,Building,興仁門,内门,西為納義門，又西安仁門。〈「安」一作「興」。南直廣運門。〉,TC-REF-001,0.90
TC-BUILDING-392,朱明门,Building,,内门,太極殿北曰朱明門，門亦有東西上合門。〈見《大典閣本太極宮圓。》〉,TC-REF-001,0.90
TC-BUILDING-393,虔化门,Building,乾化門,内门,其左為虔化門。〈「虔」一作「乾」。按《通鑒》：高祖封唐王時，日於虔化門視事。是虔化隋舊門名也。〉,TC-REF-001,0.90
TC-BUILDING-394,肃章门,Building,,内门,右為肅章門。〈虔化南直天恭禮門，肅章南直安仁門。朱明門以內為內朝，故虔化、肅章以內宮內。〉,TC-REF-001,0.90
TC-BUILDING-395,晖政门,Building,,内门,肅章西為暉政門，虔化東為武德門。,TC-REF-001,0.90
TC-BUILDING-396,武德门,Building,,内门,肅章西為暉政門，虔化東為武德門。,TC-REF-001,0.90
TC-BUILDING-397,甘露门,Building,,内门,其門曰甘露門，門外為永巷。〈東西橫街。〉,TC-REF-001,0.90
TC-BUILDING-398,东横门,Building,,内门,巷東東橫門，再東日華門。,TC-REF-001,0.90
TC-BUILDING-399,日华门,Building,,内门,巷東東橫門，再東日華門。,TC-REF-001,0.90
TC-BUILDING-400,西横门,Building,,内门,巷西西橫門，再西月華門。,TC-REF-001,0.90
TC-BUILDING-401,月华门,Building,,内门,巷西西橫門，再西月華門。,TC-REF-001,0.90
TC-BUILDING-402,翔凤门,Building,,内门,翔鳳門、宣猷門、崇道門、昭德門、正禮門、惠訓門、宣光門、通福門、光昭門、華光門、暉儀門、壽安門、綏福門、〈見《六典》、《長安志》。〉,TC-REF-001,0.90
TC-BUILDING-403,宣猷门,Building,,内门,翔鳳門、宣猷門、崇道門、昭德門、正禮門、惠訓門、宣光門、通福門、光昭門、華光門、暉儀門、壽安門、綏福門、〈見《六典》、《長安志》。〉,TC-REF-001,0.90
TC-BUILDING-404,崇道门,Building,,内门,翔鳳門、宣猷門、崇道門、昭德門、正禮門、惠訓門、宣光門、通福門、光昭門、華光門、暉儀門、壽安門、綏福門、〈見《六典》、《長安志》。〉,TC-REF-001,0.90
TC-BUILDING-405,昭德门,Building,,内门,翔鳳門、宣猷門、崇道門、昭德門、正禮門、惠訓門、宣光門、通福門、光昭門、華光門、暉儀門、壽安門、綏福門、〈見《六典》、《長安志》。〉,TC-REF-001,0.90
TC-BUILDING-406,正礼门,Building,,内门,翔鳳門、宣猷門、崇道門、昭德門、正禮門、惠訓門、宣光門、通福門、光昭門、華光門、暉儀門、壽安門、綏福門、〈見《六典》、《長安志》。〉,TC-REF-001,0.90
TC-BUILDING-407,惠训门,Building,,内门,翔鳳門、宣猷門、崇道門、昭德門、正禮門、惠訓門、宣光門、通福門、光昭門、華光門、暉儀門、壽安門、綏福門、〈見《六典》、《長安志》。〉,TC-REF-001,0.90
TC-BUILDING-408,宣光门,Building,,内门,翔鳳門、宣猷門、崇道門、昭德門、正禮門、惠訓門、宣光門、通福門、光昭門、華光門、暉儀門、壽安門、綏福門、〈見《六典》、《長安志》。〉,TC-REF-001,0.90
TC-BUILDING-409,通福门,Building,,内门,翔鳳門、宣猷門、崇道門、昭德門、正禮門、惠訓門、宣光門、通福門、光昭門、華光門、暉儀門、壽安門、綏福門、〈見《六典》、《長安志》。〉,TC-REF-001,0.90
TC-BUILDING-410,光昭门,Building,,内门,翔鳳門、宣猷門、崇道門、昭德門、正禮門、惠訓門、宣光門、通福門、光昭門、華光門、暉儀門、壽安門、綏福門、〈見《六典》、《長安志》。〉,TC-REF-001,0.90
TC-BUILDING-411,华光门,Building,,内门,翔鳳門、宣猷門、崇道門、昭德門、正禮門、惠訓門、宣光門、通福門、光昭門、華光門、暉儀門、壽安門、綏福門、〈見《六典》、《長安志》。〉,TC-REF-001,0.90
TC-BUILDING-412,晖仪门,Building,,内门,翔鳳門、宣猷門、崇道門、昭德門、正禮門、惠訓門、宣光門、通福門、光昭門、華光門、暉儀門、壽安門、綏福門、〈見《六典》、《長安志》。〉,TC-REF-001,0.90
TC-BUILDING-413,寿安门,Building,,内门,翔鳳門、宣猷門、崇道門、昭德門、正禮門、惠訓門、宣光門、通福門、光昭門、華光門、暉儀門、壽安門、綏福門、〈見《六典》、《長安志》。〉,TC-REF-001,0.90
TC-BUILDING-414,绥福门,Building,,内门,翔鳳門、宣猷門、崇道門、昭德門、正禮門、惠訓門、宣光門、通福門、光昭門、華光門、暉儀門、壽安門、綏福門、〈見《六典》、《長安志》。〉,TC-REF-001,0.90
TC-BUILDING-415,肃改门,Building,,内门,肅改門、〈見《六典》、《禁扁》。〉,TC-REF-001,0.90
TC-BUILDING-416,显福门,Building,,内门,顯福門、《通鑒》注：西內翰林院在顯福門。,TC-REF-001,0.90
TC-BUILDING-417,显道门,Building,,内门,顯道門、金液門、〈《通鑒》：太宗力疾至顯道門外赦天下，敕太子於金液門聽政。胡身之注：顯道、金液為通內諸門，圖志不能盡載。〉,TC-REF-001,0.90
TC-BUILDING-418,金液门,Building,,内门,顯道門、金液門、〈《通鑒》：太宗力疾至顯道門外赦天下，敕太子於金液門聽政。〉,TC-REF-001,0.90
TC-BUILDING-419,白兽门,Building,,内门,玄德門、白獸門，〈《通鑒》：隆基與劉幽求等出苑南門，使葛福順將左萬騎攻玄德門，李仙鳧將右萬騎攻白獸門，約會於淩煙閣前。〉,TC-REF-001,0.90
TC-BUILDING-420,永福门,Building,,内门,嘉德門外之兩廊為左右永福門，其門內之兩郎為左右嘉門。〈《永樂大典》圖作「左右嘉德」今從《長安志》。〉,TC-REF-001,0.90
TC-BUILDING-421,嘉门,Building,嘉德門,内门,其門內之兩郎為左右嘉門。〈《永樂大典》圖作「左右嘉德」今從《長安志》。〉,TC-REF-001,0.90
TC-BUILDING-422,奉化门,Building,,内门,嘉德殿之左右，東為奉化門，西為奉義門。〈《長安志》作「東西奉化門」，今從《大典》圖。〉,TC-REF-001,0.90
TC-BUILDING-423,奉义门,Building,,内门,嘉德殿之左右，東為奉化門，西為奉義門。〈《長安志》作「東西奉化門」，今從《大典》圖。〉,TC-REF-001,0.90
TC-BUILDING-424,通训门,Building,建春門、鳳皇門,内门,東面一門鳳皇門。〈隋曰建春門，後改通訓門。明皇時，鳳皇飛集通訓門，詔改凰皇門。〉,TC-REF-001,0.90
TC-BUILDING-425,宜春宫门,Building,,内门,承恩殿之左右為宜春、宜秋宮，〈前有宜春宮門、宜欽宮門。宜秋，《禁扁》作「融秋」。〉,TC-REF-001,0.90
TC-BUILDING-426,宜秋宫门,Building,宜欽宮門,内门,承恩殿之左右為宜春、宜秋宮，〈前有宜春宮門、宜欽宮門。宜秋，《禁扁》作「融秋」。〉,TC-REF-001,0.90
TC-BUILDING-427,左银台门,Building,,内门,太和門北為左銀台門,TC-REF-001,0.90
TC-BUILDING-428,右银台门,Building,,内门,北右銀台門，門皆有仗舍,TC-REF-001,0.90
TC-BUILDING-429,银汉门,Building,,内门,玄武門左銀漢門,TC-REF-001,0.90
TC-BUILDING-430,宣政门,Building,,内门,殿門曰宣政門,TC-REF-001,0.90
TC-BUILDING-431,齐德门,Building,齊禮門、崇德門,内门,門外兩廊為齊德門,TC-REF-001,0.90
TC-BUILDING-432,兴礼门,Building,興德、齊禮,内门,興禮門,TC-REF-001,0.90
TC-BUILDING-433,通乾门,Building,,内门,夾道東則通乾門,TC-REF-001,0.90
TC-BUILDING-434,观象门,Building,,内门,西則觀象門,TC-REF-001,0.90
TC-BUILDING-435,紫宸门,Building,,内门,殿門曰紫宸門,TC-REF-001,0.90
TC-BUILDING-436,崇明门,Building,,内门,街北出崇明門,TC-REF-001,0.90
TC-BUILDING-437,含耀门,Building,,内门,街南出含耀門,TC-REF-001,0.90
TC-BUILDING-438,昭训门,Building,,内门,又南出昭訓門,TC-REF-001,0.90
TC-BUILDING-439,光顺门,Building,,内门,街北出光順門,TC-REF-001,0.90
TC-BUILDING-440,昭庆门,Building,,内门,承明門之北曰昭慶門,TC-REF-001,0.90
TC-BUILDING-441,光范门,Building,,内门,又南出光範門,TC-REF-001,0.90
TC-BUILDING-442,延英门,Building,,内门,前有延英門,TC-REF-001,0.90
TC-BUILDING-443,宣化门,Building,,内门,宣化門,TC-REF-001,0.90
TC-BUILDING-444,玄英门,Building,,内门,玄英門，德宗貞元三年作玄英門及觀於大明宮北垣,TC-REF-001,0.90
TC-BUILDING-445,玄比门,Building,,内门,玄比門，在宮城東北隅,TC-REF-001,0.90
TC-BUILDING-446,球场门,Building,,内门,球場門，在玄武外,TC-REF-001,0.90
TC-BUILDING-447,乾符门,Building,,内门,乾符門,TC-REF-001,0.90
TC-BUILDING-448,掖门,Building,,内门,宮垣之外，兩邊有掖門,TC-REF-001,0.90
TC-BUILDING-449,翰林门,Building,,内门,翰林院之門曰翰林門,TC-REF-001,0.90
TC-BUILDING-450,东上合门,Building,,内门,殿東西皆有上合門,TC-REF-001,0.90
TC-BUILDING-451,西上合门,Building,,内门,殿東西皆有上合門,TC-REF-001,0.90
TC-BUILDING-452,明光门,Building,,内门,通陽之內曰明光門,TC-REF-001,0.90
TC-BUILDING-453,睿武门,Building,,内门,殿北曰睿武門,TC-REF-001,0.90
TC-BUILDING-454,赢洲门,Building,,内门,其內贏洲門,TC-REF-001,0.90
TC-BUILDING-455,丽苑门,Building,,内门,左曰麗苑門,TC-REF-001,0.90
TC-BUILDING-456,芳苑门,Building,,内门,右曰芳苑門,TC-REF-001,0.90
TC-BUILDING-457,仙云门,Building,,内门,仙雲門，在洲門東,TC-REF-001,0.90
TC-BUILDING-458,大同门,Building,,内门,殿前為大同門,TC-REF-001,0.90
TC-BUILDING-459,宜天门,Building,,内门,宜天門,TC-REF-001,0.90
TC-BUILDING-460,承云门,Building,,内门,承雲門,TC-REF-001,0.90
TC-BUILDING-461,飞轩门,Building,,内门,飛軒門,TC-REF-001,0.90
TC-BUILDING-462,玉华门,Building,,内门,玉華門,TC-REF-001,0.90
TC-BUILDING-463,和风门,Building,,内门,和風門,TC-REF-001,0.90
TC-BUILDING-464,仁寿门,Building,,内门,大安殿前曰仁壽門,TC-REF-001,0.90
TC-BUILDING-465,宜明门,Building,,内门,大安殿之後曰宜明門,TC-REF-001,0.90
TC-BUILDING-466,政和门,Building,,内门,又北曰政和門,TC-REF-001,0.90
TC-BUILDING-467,左嘉会门,Building,,内门,宜明門東首曰左嘉會門,TC-REF-001,0.90
TC-BUILDING-468,右嘉会门,Building,,内门,西首曰右嘉會門,TC-REF-001,0.90
TC-BUILDING-469,承明门,Building,,内门,左嘉會門東為承明門,TC-REF-001,0.90
TC-BUILDING-470,会通门,Building,,内门,承明門之南曰會通門,TC-REF-001,0.90
TC-BUILDING-471,敷德门,Building,,内门,又南口敷德門,TC-REF-001,0.90
TC-BUILDING-472,端门,Building,,内门,立端門其內,TC-REF-001,0.90
TC-BUILDING-473,侧门,Building,,内门,其側有門，曰側門，景龍中於側門降斜封墨敕授人官,TC-REF-001,0.90
TC-GATE-001,承天门,Gate,廣陽門、昭陽門、順天門,城门,正南承天門，〈隋開皇二年作，初名曰廣陽門，仁壽元年改曰昭陽門。唐武德元年改曰順天門，神龍元年改曰承天門。門外有朝堂，東有肺石，西有登聞鼓，其門上有樓。〉,TC-REF-001,0.90
TC-GATE-002,长乐门,Gate,,城门,承天門東長樂門，〈《舊書王志倍傳》：開元十年，有京兆人權梁山偽稱襄王男，自號光帝，與其黨及左右屯營押官謀反。夜半時，擁左屯營兵百餘人，自景風、長樂等門斬關入宮城。蓋由景風門入皇城，西行折而北，由長樂門入宮城也。〉,TC-REF-001,0.90
TC-GATE-003,广运门,Gate,,城门,承天門西廣運門，〈《長安志》以廣運在長樂之東，非是。今從《六典》。〉,TC-REF-001,0.90
TC-GATE-004,永春门,Gate,,城门,長樂門東永春門。,TC-REF-001,0.90
TC-GATE-005,永安门,Gate,,城门,廣運門西永安門。,TC-REF-001,0.90
TC-GATE-006,凤皇门,Gate,建春門、通訓門,城门,東面一門鳳皇門。〈隋曰建春門，後改通訓門。明皇時，鳳皇飛集通訓門，詔改凰皇門。〉,TC-REF-001,0.90
TC-GATE-007,通明门,Gate,,城门,西面二門，南通明門，北嘉猷門。,TC-REF-001,0.90
TC-GATE-008,嘉猷门,Gate,,城门,西面二門，南通明門，北嘉猷門。,TC-REF-001,0.90
TC-GATE-009,定武门,Gate,玄武門,城门,中為定武門，〈南直承天門，李氏圖作「玄武門」。按《舊書尉遲敬德傳》：元吉步走，欲歸武德殿，敞德奔逐，射殺之。其宮府諸將率兵大至，屯於玄武門。則作「玄武」為是。〉,TC-REF-001,0.90
TC-GATE-010,安礼门,Gate,,城门,定武門東安禮門。,TC-REF-001,0.90
TC-GATE-031,玄武门,Gate,睿武,城门,則逢玄武門焉。〈《長安志》：承香殿東即玄武門。蓋殿在玄武門少西。《大典》《閣本太極宮圖》，玄武門在承香殿正北。〉,TC-REF-001,0.90
TC-GATE-047,兴安门,Gate,,城门,興安門、〈《通鑒》：太宗聞高士康卒。帥左右自興安門出。胡身之注：貞觀以前，人主常居太極宮，則此興安門非大明官之興安門，蓋太極宮中別自有興安也。〉,TC-REF-001,0.90
TC-GATE-050,玄德门,Gate,,城门,玄德門、白獸門，〈《通鑒》：隆基與劉幽求等出苑南門，使葛福順將左萬騎攻玄德門，李仙鳧將右萬騎攻白獸門，約會於淩煙閣前。胡身之注曰：禁苑南門直宮城之玄武門，玄德、白獸皆通內之門。〉,TC-REF-001,0.90
TC-GATE-052,嘉福门,Gate,重福門、宣明門,城门,南面門為嘉福門，〈《長安志》作「重福」。次北曰重明，又北曰宣明。按宮門無疊至三門者。重福，《禁扁》作「嘉福」。《長安志》言宣明是嘉福所改名，則二門為一門明矣。今刪正。〉,TC-REF-001,0.90
TC-GATE-053,重明门,Gate,,城门,正門曰重明門，殿門曰嘉德門。,TC-REF-001,0.90
TC-GATE-058,长林门,Gate,弘祖門、重光門,城门,左右長林門、〈皆見《長安志》。《志》又左右長林門本名弘祖、嘉福，武德元年改重光、宣明。〉,TC-REF-001,0.90
TC-GATE-062,朱雀门,Gate,,城门,南面三門：正南曰朱雀門，北當宮城之承天門，南當外郭之明德門。門外橫街正東直春明門，正西直金光明。,TC-REF-001,0.90
TC-GATE-063,安上门,Gate,光天門,城门,東曰安上門，至德三載改為光天門，尋復舊。,TC-REF-001,0.90
TC-GATE-064,含光门,Gate,,城门,西曰含光門。,TC-REF-001,0.90
TC-GATE-065,景风门,Gate,,城门,東面二門：南曰景風門弓，北延喜門。,TC-REF-001,0.90
TC-GATE-066,延喜门,Gate,廷喜門,城门,北延喜門。直東當外郭之通化門。貞元四年，修延喜門復道，屬於承天門。,TC-REF-001,0.90
TC-GATE-067,顺义门,Gate,,城门,西面二門：南曰順義門，北曰安福門。,TC-REF-001,0.90
TC-GATE-068,安福门,Gate,,城门,北曰安福門。西當外郭之開遠門。,TC-REF-001,0.90
TC-GATE-069,丹凤门,Gate,明鳳門,城门,正南丹鳳門,TC-REF-001,0.90
TC-GATE-070,望仙门,Gate,,城门,其東望仙門,TC-REF-001,0.90
TC-GATE-071,延政门,Gate,,城门,次東延政門,TC-REF-001,0.90
TC-GATE-072,建福门,Gate,,城门,丹鳳門西建福門,TC-REF-001,0.90
TC-GATE-073,太和门,Gate,,城门,南為太和門，門外則左三軍列焉,TC-REF-001,0.90
TC-GATE-076,九仙门,Gate,,城门,右銀台門之北九仙門,TC-REF-001,0.90
TC-GATE-078,凌霄门,Gate,淩雲、青雲,城门,右淩霄門,TC-REF-001,0.90
TC-GATE-101,兴庆门,Gate,,城门,官之正門西向，曰興慶門,TC-REF-001,0.90
TC-GATE-102,金明门,Gate,,城门,興慶門之南曰金明門,TC-REF-001,0.90
TC-GATE-103,通阳门,Gate,初陽門,城门,西曰通陽門,TC-REF-001,0.90
TC-GATE-104,明义门,Gate,,城门,東曰明義門,TC-REF-001,0.90
TC-GATE-107,跃龙门,Gate,,城门,中曰躍龍門,TC-REF-001,0.90
TC-GATE-118,日营门,Gate,東雲龍門,城门,外垣門東為日營門,TC-REF-001,0.90
TC-GATE-119,月营门,Gate,西雲龍門,城门,西為月營門,TC-REF-001,0.90
TC-GATE-120,重玄门,Gate,魚糧門,城门,北為重玄門,TC-REF-001,0.90
TC-GATE-121,应天门,Building,西內苑應天門,内门,中曰應天門,TC-REF-001,0.90
TC-GATE-122,左掖门,Building,西內苑左掖門,内门,左曰左掖門,TC-REF-001,0.90
TC-GATE-123,右掖门,Building,西內苑右掖門,内门,右曰右掖門,TC-REF-001,0.90
TC-GATE-124,集禧门,Building,西內苑集禧門,内门,東面一門，曰集禧門,TC-REF-001,0.90
TC-GATE-133,云龙门,Building,東內苑雲龍門,内门,苑之近北有左右雲龍門,TC-REF-001,0.90
TC-GATE-134,芳林门,Gate,芳林園,城门,旁西苑者芳林門,TC-REF-001,0.90
TC-GATE-135,景曜门,Gate,,城门,次西景曜門,TC-REF-001,0.90
TC-GATE-136,光化门,Gate,,城门,又西光化門,TC-REF-001,0.90
TC-GATE-137,廷秋门,Gate,,城门,近南者廷秋門,TC-REF-001,0.90
TC-GATE-138,永泰门,Gate,,城门,近西者永泰門,TC-REF-001,0.90
TC-GATE-139,启运门,Gate,,城门,次啟運門,TC-REF-001,0.90
TC-GATE-140,饮马门,Gate,,城门,次飲馬門,TC-REF-001,0.90
TC-GATE-141,昭远门,Gate,,城门,近北者昭遠門,TC-REF-001,0.90
TC-GATE-142,光泰门,Gate,,城门,次光泰門,TC-REF-001,0.90
TC-PERSON-001,梁孝仁,Person,,人物,命司農少卿梁孝仁修之,TC-REF-001,0.90
TC-PERSON-002,契苾何力,Person,契何力,人物,指示左驍衛大將軍契何力,TC-REF-001,0.90
TC-PERSON-003,蔡孚,Person,,人物,拾遺蔡孚作《龍池篇》以讚其事,TC-REF-001,0.90
TC-PERSON-004,韦坚,Person,,人物,韋堅引渡水抵苑東望春樓下為潭,TC-REF-001,0.90
TC-PERSON-005,贾昌,Person,,人物,賈昌，景龍四年持幕竿隨玄宗入大明宮誅韋后,TC-REF-001,0.90
TC-PERSON-006,钟绍京,Person,,人物,會於鍾紹京廨,TC-REF-001,0.90
TC-PERSON-007,舒元舆,Person,,人物,舒元輿《御史臺記》,TC-REF-001,0.90
TC-PERSON-008,张说,Person,,人物,張說上《鬥羊表》，於金明門奉進,TC-REF-001,0.90
TC-PERSON-009,魏征,Person,,人物,魏徵將葬，上登苑西樓望哭盡哀,TC-REF-001,0.90
TC-PERSON-010,李晟,Person,,人物,李晟收京城，陳兵於光泰門外,TC-REF-001,0.90
TC-PERSON-011,隋文帝,Person,楊堅,人物,隋開皇二年始移於龍首原。〈按周、漢皆都長安，而皆非隋、唐之都城。隋開皇二年始移於龍首原。〉,TC-REF-001,0.90
TC-PERSON-012,高颎,Person,將作大匠,人物,將作大匠高熲常坐此樹下檢校。後栽樹行不正，欲去之，帝曰：「高熲坐此樹下，不須殺之。」,TC-REF-001,0.90
TC-STREET-001,横街,Street,東西大街,街道,宮城南門外有東西大街，謂之橫街。東出皇城之延喜門，西出皇城之安福門，皇城各街皆廣百步，惟此街南北廣三百步，所以限隔二城也。,TC-REF-001,0.90
TC-STREET-002,承天门街,Street,天街,街道,橫街之南有南北大街，曰承天門街。東西廣百步，南出皇城之朱雀門。,TC-REF-001,0.90
TC-STREET-003,安上门街,Street,,街道,街東，安上門街,TC-REF-001,0.90
TC-STREET-004,含光门街,Street,,街道,衛西，含光門街，橫街抵比而絕。,TC-REF-001,0.90
